id,message_id,date,sender_id,first_name,last_name,username,message,media_type,media_path,reply_to,post_author,views,forwards,reactions
5,15067,2025-12-28 14:06:48,-1001891564886,,,,"–Æ–ª—ñ—è –°–≤–∏—Ä–∏–¥–µ–Ω–∫–æ, –ü—Ä–µ–º'—î—Ä-–º—ñ–Ω—ñ—Å—Ç—Ä –£–∫—Ä–∞—ó–Ω–∏, –ø–æ–¥–∞–ª–∞ –Ω–æ–≤–∏–π –∑–∞–∫–æ–Ω–æ–ø—Ä–æ–µ–∫—Ç –ø—Ä–æ ""—Ä–µ—Ñ–æ—Ä–º—É –¢–¶–ö"" –≤ –Ω–∞—Å–ª—ñ–¥–æ–∫ —è–∫–æ—ó —É –≥—Ä–æ–º–∞–¥–∞—Ö –º–æ–∂—É—Ç—å –∑‚Äô—è–≤–∏—Ç–∏—Å—è —Å–µ–ª–∏—â–Ω—ñ —Ü–µ–Ω—Ç—Ä–∏ –∫–æ–º–ø–ª–µ–∫—Ç—É–≤–∞–Ω–Ω—è.

–ü–µ—Ä–µ–¥–±–∞—á–∞—î—Ç—å—Å—è –ø–æ–ª—ñ–ø—à–µ–Ω–Ω—è –º–æ–±—ñ–ª—ñ–∑–∞—Ü—ñ—ó —É –≥—Ä–æ–º–∞–¥–∞—Ö –∑–∞ —Ä–∞—Ö—É–Ω–æ–∫ —Ç–æ–≥–æ, —â–æ –ª—é–¥—è–º –Ω–µ –ø–æ—Ç—Ä—ñ–±–Ω–æ –±—É–¥–µ —ó–∑–¥–∏—Ç–∏ —É –≤–µ–ª–∏–∫—ñ –º—ñ—Å—Ç–∞.

–ü—Ä–∏ —Ü—å–æ–º—É –ø–æ–ª—ñ–ø—à–µ–Ω–Ω—è –º–æ–±—ñ–ª—ñ–∑–∞—Ü—ñ—ó –∑–∞ —Ä–∞—Ö—É–Ω–æ–∫ —ó—ó —á–æ–ª–æ–≤—ñ–∫–∞ —Ç–∞ –±—Ä–∞—Ç–∞ –Ω–µ –ø–µ—Ä–µ–¥–±–∞—á–∞—î—Ç—å—Å—è.",MessageMediaPhoto,-1001891564886\media\15067-photo.jpg,,–í—è—á–µ—Å–ª–∞–≤ –®–µ–ª–µ–º–∞—Ö–∞,1828,11,ü§° 77 ü§£ 9 ‚ù§ 2 üëç 2 üòÅ 2
4,15068,2025-12-28 15:57:39,-1001891564886,,,,"–£–ª—ã–±–æ—á–∫—É, —Å–µ–π—á–∞—Å –≤—ã–ª–µ—Ç–∏—Ç –ø—Ç–∏—á–∫–∞! üòÅ

–†–æ—Å—Å–∏–π—Å–∫–∏–π –≤–æ–µ–Ω–Ω—ã–π –ø—Ä–æ–ø–∞–≥–∞–Ω–¥–∏—Å—Ç, —Ä–µ–∂–∏—Å—Å—ë—Ä –∏ —Ñ–æ—Ç–æ–≥—Ä–∞—Ñ –û–ª–µ–≥ –†–∞–∫—à–∏–Ω –∏–∑ –°–∞–º–∞—Ä—ã –≤–æ –≤—Ä–µ–º—è –∫–æ–º–∞–Ω–¥–∏—Ä–æ–≤–∫–∏ –≤ –î–æ–Ω–µ—Ü–∫—É—é –æ–±–ª–∞—Å—Ç—å –±—ã–ª –ª–∏–∫–≤–∏–¥–∏—Ä–æ–≤–∞–Ω FPV-–¥—Ä–æ–Ω–æ–º, ‚Äî Z –±–ª–æ–≥–≥–µ—Ä—ã",MessageMediaPhoto,-1001891564886\media\15068-photo.jpg,,Eva,1700,11,‚ù§ 91 üî• 26 ü•∞ 6 üëç 2 üòÅ 2 üéâ 2 ü§£ 1
3,15069,2025-12-28 16:51:54,-1001891564886,,,,"–ó–µ–ª–µ–Ω—Å—å–∫–∏–π –ø—Ä–∏–±—É–≤ –¥–æ –°–®–ê. 

–Ø–∫—ñ –æ—á—ñ–∫—É–≤–∞–Ω–Ω—è?",MessageMediaDocument,-1001891564886\media\15069-document..mp4,,–í—è—á–µ—Å–ª–∞–≤ –®–µ–ª–µ–º–∞—Ö–∞,1370,4,ü§î 40 ü§° 12 ‚ù§ 4 üòÅ 3 üëç 2
2,15070,2025-12-28 17:07:35,-1001891564886,,,,"–¢—Ä–∞–º–ø –ø—Ä–æ–≤—ë–ª —Ç–µ–ª–µ—Ñ–æ–Ω–Ω—ã–π —Ä–∞–∑–≥–æ–≤–æ—Ä —Å –ü—É—Ç–∏–Ω—ã–º –ø–µ—Ä–µ–¥ –≤—Å—Ç—Ä–µ—á–µ–π —Å –ó–µ–ª–µ–Ω—Å–∫–∏–º - –æ–Ω –Ω–∞–ø–∏—Å–∞–ª –æ–± —ç—Ç–æ–º –≤ TruthSocial.

""–£ –º–µ–Ω—è —Ç–æ–ª—å–∫–æ —á—Ç–æ –±—ã–ª —Ö–æ—Ä–æ—à–∏–π –∏ –æ—á–µ–Ω—å –ø—Ä–æ–¥—É–∫—Ç–∏–≤–Ω—ã–π —Ç–µ–ª–µ—Ñ–æ–Ω–Ω—ã–π —Ä–∞–∑–≥–æ–≤–æ—Ä —Å –ø—Ä–µ–∑–∏–¥–µ–Ω—Ç–æ–º –ü—É—Ç–∏–Ω—ã–º –ø–µ—Ä–µ–¥ –º–æ–µ–π –≤—Å—Ç—Ä–µ—á–µ —Å –ø—Ä–µ–∑–∏–¥–µ–Ω—Ç–æ–º –ó–µ–ª–µ–Ω—Å–∫–∏–º —Å–µ–≥–æ–¥–Ω—è –≤ 13:00 (20:00 –ø–æ –ö–∏–µ–≤—É, 21:00 –ø–æ –ú–æ—Å–∫–≤–µ).

–í—Å—Ç—Ä–µ—á–∞ –ø—Ä–æ–π–¥—ë—Ç –≤ –≥–ª–∞–≤–Ω–æ–π —Å—Ç–æ–ª–æ–≤–æ–π –ú–∞—Ä-–∞-–õ–∞–≥–æ. –ü—Ä–µ—Å—Å–∞ –ø—Ä–∏–≥–ª–∞—à–µ–Ω–∞. –°–ø–∞—Å–∏–±–æ –∑–∞ –≤–Ω–∏–º–∞–Ω–∏–µ"".

__
–ï—â—ë –∏ —Å –ø—Ä–µ—Å—Å–æ–π...",MessageMediaPhoto,-1001891564886\media\15070-photo.jpg,,–í—è—á–µ—Å–ª–∞–≤ –®–µ–ª–µ–º–∞—Ö–∞,1100,12,ü§° 81 üòÅ 20 ü§Æ 4 üò° 3 ‚ö° 1
1,15071,2025-12-28 17:08:04,-1001891564886,,,,,MessageMediaDocument,-1001891564886\media\15071-–∫–æ—Ç-–¥–æ–≥–æ–≤–æ—Ä–Ω—è—á–æ–∫.mp4,,–í—è—á–µ—Å–ª–∞–≤ –®–µ–ª–µ–º–∞—Ö–∞,1274,12,‚ù§ 45 üòÅ 16 ü•∞ 5 üíØ 3 ‚òÉ 1 üôè 1 ü§ì 1
